File Name,Relative Path
existing-solutions-for-creating-a-context-repo.md,context-rag-tokenisation/existing-solutions-for-creating-a-context-repo.md
major-rags-and-open-source-rags.md,context-rag-tokenisation/rag/major-rags-and-open-source-rags.md
the-emergence-of-rag.md,context-rag-tokenisation/rag/the-emergence-of-rag.md
creating-a-context-for-professional-purposes.md,context-rag-tokenisation/personal-context-storage/creating-a-context-for-professional-purposes.md
creating-a-personal-context-repo.md,context-rag-tokenisation/personal-context-storage/creating-a-personal-context-repo.md
how-could-you-build-a-personal-context-repo.md,context-rag-tokenisation/personal-context-storage/how-could-you-build-a-personal-context-repo.md
can-you-estimate-tokenisation-limits-when-working-with-long-documents.md,context-rag-tokenisation/tokenisation/can-you-estimate-tokenisation-limits-when-working-with-long-documents.md
cloud-tools-for-calculating-tokenisation-usage-from-text.md,context-rag-tokenisation/tokenisation/cloud-tools-for-calculating-tokenisation-usage-from-text.md
tokenisation-in-llms---business-primer.md,context-rag-tokenisation/tokenisation/tokenisation-in-llms---business-primer.md
the-context-window-for-business-execs.md,context-rag-tokenisation/context-window/the-context-window-for-business-execs.md
can-you-make-a-local-llm-app-that-has-an-interactive-conversation-component.md,deployment/local-llms/can-you-make-a-local-llm-app-that-has-an-interactive-conversation-component.md
could-you-use-a-local-llm-for-search-data-retrieval.md,deployment/local-llms/could-you-use-a-local-llm-for-search-data-retrieval.md
could-you-use-a-local-llm-for-search-data-retrieval.md,deployment/local-llms/could-you-use-a-local-llm-for-search-data-retrieval.md
how-to-run-an-llm-locally---guis-e.md,deployment/local-llms/how-to-run-an-llm-locally---guis-e.md
some-real-local-llm-use-cases.md,deployment/local-llms/some-real-local-llm-use-cases.md
which-llm-apis-can-be-used-on-jan-(et-al).md,deployment/local-llms/which-llm-apis-can-be-used-on-jan-(et-al).md
big-agi-vs.-librechat.md,deployment/self-hosting/big-agi-vs.-librechat.md
custom-uis-for-llms.md,ui-and-frontend/custom-uis-for-llms.md
frontends-for-the-conversational-llm-experience.md,ui-and-frontend/frontends-for-the-conversational-llm-experience.md
interfaces-delivering-conversational-ai-in-a-better-way_-ca.md,ui-and-frontend/interfaces-delivering-conversational-ai-in-a-better-way_-ca.md
interfaces-delivering-conversational-ai-in-a-better-way_-ca.md,ui-and-frontend/interfaces-delivering-conversational-ai-in-a-better-way_-ca.md
interfaces-delivering-conversational-ai-in-a-better-way_-ca.md,ui-and-frontend/interfaces-delivering-conversational-ai-in-a-better-way_-ca.md
interfaces-for-accessing-multiple-llms.md,ui-and-frontend/interfaces-for-accessing-multiple-llms.md
llms-with-deep-support-for-voice.md,ui-and-frontend/voice-control/llms-with-deep-support-for-voice.md
how-to-get-an-llm-to-classify-markdown-files.md,use-cases/classification/how-to-get-an-llm-to-classify-markdown-files.md
development-frameworks-for-llm-projects.md,use-cases/code-generation/llm-assisted-dev/development-frameworks-for-llm-projects.md
would-unit-testing-help-ai-assisted-dev-workflows.md,use-cases/code-generation/llm-assisted-dev/would-unit-testing-help-ai-assisted-dev-workflows.md
code-gen-apis-with-python-support.md,use-cases/code-generation/python/code-gen-apis-with-python-support.md
python-generation.md,use-cases/code-generation/python/python-generation.md
python-llms-available-as.md,use-cases/code-generation/python/python-llms-available-as.md
data-analytics-capabilities-of-llms.md,use-cases/data-analysis/data-analytics-capabilities-of-llms.md
llms-and-data-visualisation-ebb.md,use-cases/data-visualisation/llms-and-data-visualisation-ebb.md
are-there-any-llms-specifically-for-live-news-monitoring.md,use-cases/other-use-cases/news-monitoring/are-there-any-llms-specifically-for-live-news-monitoring.md
can-you-use-llms-to-explain-code-in-natural-language_.md,use-cases/personalised-learning/can-you-use-llms-to-explain-code-in-natural-language_.md
how-could-i-set-up-a-customised-llm-_teacher__-add.md,use-cases/personalised-learning/how-could-i-set-up-a-customised-llm-_teacher__-add.md
llms-for-prompt-engineering-tuition.md,use-cases/personalised-learning/llms-for-prompt-engineering-tuition.md
using-llms-for-geopolitical-scenario-modelling-.md,use-cases/research-uses/geopolitics/using-llms-for-geopolitical-scenario-modelling-.md
standardisation-in-llm-api-structure_.md,apis-and-programmatic-use/unified-llm-apis/standardisation-in-llm-api-structure_.md
the-concept-of-weights-in-llms-add.md,core-concepts/weights/the-concept-of-weights-in-llms-add.md
before-and-after.md,core-concepts/transformers/before-and-after.md
custom-gpts-to-hugging-face-agents.md,custom-agents-assistants/custom-gpts-to-hugging-face-agents.md
how-llms-store-info.md,eli5/how-llms-store-info.md
most-llms-have-an-inherently-american-worldview.md,geography-and-culture/most-llms-have-an-inherently-american-worldview.md
online-promptathons.md,ideas/online-promptathons.md
are-there-already-collections-of-llm-outputs-out-there.md,im-curious/are-there-already-collections-of-llm-outputs-out-there.md
does-more-parameters-always-mean-better-performance_.md,im-curious/does-more-parameters-always-mean-better-performance_.md
how-does-chatgpt-produce-better-software-recs-than-google.md,im-curious/how-does-chatgpt-produce-better-software-recs-than-google.md
how-does-eleuther-ai-offer-gpts.md,im-curious/how-does-eleuther-ai-offer-gpts.md
the-biggest-listing-of-llms-on-the-internet.md,im-curious/the-biggest-listing-of-llms-on-the-internet.md
the-forgotten-llms.md,im-curious/the-forgotten-llms.md
what-do-llm-model-variants-mean.md,im-curious/what-do-llm-model-variants-mean.md
why-do-llms-need-gpu-resources-specifically_.md,im-curious/why-do-llms-need-gpu-resources-specifically_.md
can-an-llm-run-out-of-ideas.md,im-curious/can-an-llm-run-out-of-ideas.md
how-much-text-is-created.md,im-curious/how-much-text-is-created.md
typo-tolerance.md,im-curious/typo-tolerance.md
are-there-llms-that-are-more-favored-among-enterprise-users_.md,llm-users/enterprise/are-there-llms-that-are-more-favored-among-enterprise-users_.md
how-are-businesses-using-llms---or-beginning-to.md,llm-users/enterprise/how-are-businesses-using-llms---or-beginning-to.md
llm-intended-for-business-use.md,llm-users/enterprise/llm-intended-for-business-use.md
llm-usage-among-businesses---stats-ea.md,llm-users/enterprise/llm-usage-among-businesses---stats-ea.md
llm-use-among-businesses.md,llm-users/enterprise/llm-use-among-businesses.md
government-use-of-llms.md,llm-users/government/government-use-of-llms.md
intelligence-community.md,llm-users/government/intelligence-community.md
law-enforcement.md,llm-users/government/law-enforcement.md
lang-chain-features-for-context-setting-d.md,other-tools/lang-chain/lang-chain-features-for-context-setting-d.md
lang-chain-versus-llama-index.md,other-tools/lang-chain/lang-chain-versus-llama-index.md
chatgpt---web-ui-vs-api-cost-estimate.md,platforms-and-companies/chatgpt/chatgpt---web-ui-vs-api-cost-estimate.md
chatgpt-use-case-ui-idea---exploring.md,platforms-and-companies/chatgpt/chatgpt-use-case-ui-idea---exploring.md
how-to-use-long-prompts-in-llm-scripts.md,prompt-engineering/how-to-use-long-prompts-in-llm-scripts.md
prompt-development-interview.md,prompt-engineering/prompt-development-interview.md
prompt-development-interview.md,prompt-engineering/prompt-development-interview.md
prompting-sprint-guidance-document.md,prompt-engineering/prompting-sprint-guidance-document.md
prompting-tips-for-working-with-large-inputs-past-the-token-limit.md,prompt-engineering/prompting-tips-for-working-with-large-inputs-past-the-token-limit.md
techniques.md,prompt-engineering/techniques.md
which-languages-does-prompting-happen-in.md,prompt-engineering/which-languages-does-prompting-happen-in.md
less-important-techniques.md,prompt-engineering/less-important-techniques.md
library-of-prompts-for-testing-llms.md,prompt-engineering/evaluation-prompts/library-of-prompts-for-testing-llms.md
library-of-prompts-for-testing-llms.md,prompt-engineering/evaluation-prompts/library-of-prompts-for-testing-llms.md
frameworks-for-prompt-engineering.md,prompt-engineering/frameworks-and-tools/frameworks-for-prompt-engineering.md
frameworks-for-prompt-engineering.md,prompt-engineering/frameworks-and-tools/frameworks-for-prompt-engineering.md
frameworks-for-prompt-engineering.md,prompt-engineering/frameworks-and-tools/frameworks-for-prompt-engineering.md
tools-like-prompt-source.md,prompt-engineering/frameworks-and-tools/prompt-source/tools-like-prompt-source.md
prompt-engineering-certifications-fee.md,prompt-engineering/prompt-eng-careers/prompt-engineering-certifications-fee.md
the-future-of-prompt-engineering---an-outlook.md,prompt-engineering/prompt-eng-careers/the-future-of-prompt-engineering---an-outlook.md
how-should-i-format-saved-prompts.md,prompt-engineering/prompt-management/how-should-i-format-saved-prompts.md
how-should-i-format-saved-prompts.md,prompt-engineering/prompt-management/how-should-i-format-saved-prompts.md
prompting-approaches-for-document-formatting-c.md,prompt-engineering/prompting-use-cases/document-editing/prompting-approaches-for-document-formatting-c.md
prompting-for-specific-aspect-ratios.md,prompt-engineering/prompting-use-cases/image-generation/prompting-for-specific-aspect-ratios.md
how-to-use-chunking-with-a-prompt.md,prompt-engineering/specific-strategies/chunking/how-to-use-chunking-with-a-prompt.md
argument-based-prompts.md,prompt-engineering/prompt-ideation/argument-based-prompts.md
batch-prompting-frameworks.md,prompt-engineering/batch-prompting/batch-prompting-frameworks.md
prompt-language-standardisation.md,prompt-engineering/prompting-language/prompt-language-standardisation.md
prompt-eng-in.md,prompt-engineering/my-prompts/prompt-eng/prompt-eng-in.md
prompt-eng-techs.md,prompt-engineering/my-prompts/prompt-eng/prompt-eng-techs.md
conda-packages-for-prompt-engineering.md,python/conda-packages-for-prompt-engineering.md
conda-packages-for-prompt-engineering.md,python/conda-packages-for-prompt-engineering.md
are-llms-a-type-of-ml.md,q_and_a/are-llms-a-type-of-ml.md
cloud-llms-for-parsing--page-pdfs-ea.md,stack-research/cloud-llms-for-parsing--page-pdfs-ea.md
how-can-i-improve-on-my-current-system-for-storing-outputs.md,storage/how-can-i-improve-on-my-current-system-for-storing-outputs.md
how-can-i-improve-on-my-current-system-for-storing-outputs.md,storage/how-can-i-improve-on-my-current-system-for-storing-outputs.md
how-can-i-improve-on-my-current-system-for-storing-outputs.md,storage/how-can-i-improve-on-my-current-system-for-storing-outputs.md
how-can-i-improve-this-structure-for-storing-gpt-outputs-in-obsidian.md,storage/how-can-i-improve-this-structure-for-storing-gpt-outputs-in-obsidian.md
claude-on-why-storing-llm-outputs-is-not-_stupid_.md,storage/output-storage/claude-on-why-storing-llm-outputs-is-not-_stupid_.md
exploring-vector-databases-for-storing-markdown-repository-db.md,storage/output-storage/exploring-vector-databases-for-storing-markdown-repository-db.md
finding-a-better-way-to-capture-llm-outputs.md,storage/output-storage/finding-a-better-way-to-capture-llm-outputs.md
saving-prompts-in-markdown.md,storage/prompt-storage/saving-prompts-in-markdown.md
saving-prompts-in-markdown.md,storage/prompt-storage/saving-prompts-in-markdown.md
saving-prompts-in-markdown.md,storage/prompt-storage/saving-prompts-in-markdown.md
vector-db-for-output-storage-dd.md,storage/vector-dbs/vector-db-for-output-storage-dd.md
format-suggestions-for-experiment-reports-(llms).md,templates/format-suggestions-for-experiment-reports-(llms).md
simplified-template-for-ai-assisted-dev-projects.md,templates/simplified-template-for-ai-assisted-dev-projects.md
major-llm-conferences.md,the-industry/major-llm-conferences.md
major-llm-developments-d.md,the-industry/major-llm-developments-d.md
llm-improvements-in--.md,trends/llm-improvements-in--.md
llm-number-approximations.md,trends/llm-number-approximations.md
most-intensive-llm-users.md,trends/most-intensive-llm-users.md
new-companies-in-the-ai-&-llm-space-.md,trends/new-companies-in-the-ai-&-llm-space-.md
proprietary-llms-that-have-been-developed.md,trends/proprietary-llms-that-have-been-developed.md
can-you-leverage-the-ability-to-use-llms-in-a-chat-interface-while-building-your-own-chat-frontend.md,unsorted/can-you-leverage-the-ability-to-use-llms-in-a-chat-interface-while-building-your-own-chat-frontend.md
claude-and-chatgpt-web-ui-usage-limits.md,unsorted/claude-and-chatgpt-web-ui-usage-limits.md
creating-a-personal-llm-derivative.md,unsorted/creating-a-personal-llm-derivative.md
doing-topic-cluster-analysis-on-gpt-vault.md,unsorted/doing-topic-cluster-analysis-on-gpt-vault.md
existing-solutions-for-prompt-and-output-management.md,unsorted/existing-solutions-for-prompt-and-output-management.md
exploring-the-idea-of-an-ar-world-built-on-top-of-a-graph-database-e.md,unsorted/exploring-the-idea-of-an-ar-world-built-on-top-of-a-graph-database-e.md
free-llms-for-open-source.md,unsorted/free-llms-for-open-source.md
general-purpose-llm-agent-exploration.md,unsorted/general-purpose-llm-agent-exploration.md
gpt-api-(output)-rate-limit-by-word-count-(estimate).md,unsorted/gpt-api-(output)-rate-limit-by-word-count-(estimate).md
gpt-o-with-web-browsing---programmatic-use.md,unsorted/gpt-o-with-web-browsing---programmatic-use.md
gpt-to-regular-llm-agent-config.md,unsorted/gpt-to-regular-llm-agent-config.md
how-can-gpt-generate-outputs-from-inputs-with-long-documents-in-context.md,unsorted/how-can-gpt-generate-outputs-from-inputs-with-long-documents-in-context.md
intermediate-solutions-for-scaled-up-ai-usage.md,unsorted/intermediate-solutions-for-scaled-up-ai-usage.md
llm-api-marketplace-db.md,unsorted/llm-api-marketplace-db.md
llm-capabilities---an-overview.md,unsorted/llm-capabilities---an-overview.md
llm-interaction-classification.md,unsorted/llm-interaction-classification.md
looking-for-more-multi-llm-access-tools-for-power-users.md,unsorted/looking-for-more-multi-llm-access-tools-for-power-users.md
online-llms-with-long-output-support.md,unsorted/online-llms-with-long-output-support.md
other-technical-llm-concepts.md,unsorted/other-technical-llm-concepts.md
some-more-llm-assistants-b.md,unsorted/some-more-llm-assistants-b.md
summary-of-llm-api-marketplaces.md,unsorted/summary-of-llm-api-marketplaces.md
tools-that-allow-storage-of-gpt-interactions-in-object-storage.md,unsorted/tools-that-allow-storage-of-gpt-interactions-in-object-storage.md
truly-easy-guis-for-vector-dbs.md,unsorted/truly-easy-guis-for-vector-dbs.md
truncating-news-before-sending-to-gpt-due-to-token-limitation.md,unsorted/truncating-news-before-sending-to-gpt-due-to-token-limitation.md
using-chatgpt-and-llms-at-scale-and-with-better-indexing.md,unsorted/using-chatgpt-and-llms-at-scale-and-with-better-indexing.md
leveraging-screen-scraping-for-llm-output-capture-f.md,workflow/leveraging-screen-scraping-for-llm-output-capture-f.md
the-mysteries-of-llm-training-data.md,training/the-mysteries-of-llm-training-data.md
what-would-you-get-in-the-pile-a.md,training/what-would-you-get-in-the-pile-a.md
what-would-you-get-in-the-pile-a.md,training/what-would-you-get-in-the-pile-a.md
is-training-data-always-opens-source.md,training/is-training-data-always-opens-source.md
closed-source-datasets.md,training/closed-source-datasets.md
material-selection.md,training/material-selection.md
selective-llm-training.md,training/selective-llm-training.md
minimum-training-data.md,training/minimum-training-data.md
2025-predictions.md,evolution/llm-predictions/2025-predictions.md
buffer-remarks.md,terminology/buffer-remarks.md
eval-benchmarks.md,evaluation/eval-benchmarks/eval-benchmarks.md
existing-frameworks-for-llm-evaluation-based-on-prompts-.md,evaluation/eval-frameworks/existing-frameworks-for-llm-evaluation-based-on-prompts-.md
